Datum,close_price,open_price,high_price,low_price,rsi,mfi,tv,sma,williams,regrs,cci,is_in_time,time
17.02.2022 04:56:06,1.134000,1.136000,1.136000,1.134000,46.1,28.533099,1.000000,1.135571,-66.666667,0.319964,NaN,0.0,4.0
17.02.2022 09:00:54,1.138000,1.136000,1.138000,1.136000,52.0,35.701703,1.000000,1.135143,-37.500000,0.080036,NaN,1.0,9.0
18.02.2022 15:09:54,1.134000,1.136000,1.136000,1.134000,46.5,35.719681,1.000000,1.134571,-57.142857,0.007633,NaN,1.0,15.0
18.02.2022 17:08:15,1.132000,1.134000,1.134000,1.132000,44.0,35.737677,1.000000,1.134000,-66.666667,0.002344,NaN,0.0,17.0
21.02.2022 04:16:22,1.136000,1.134000,1.136000,1.134000,49.8,42.896737,1.000000,1.133857,-20.000000,0.106142,-48.180924,0.0,4.0
21.02.2022 09:06:03,1.138000,1.136000,1.138000,1.136000,52.5,50.058789,1.000000,1.134000,-0.000000,0.323663,-15.651582,1.0,9.0
21.02.2022 13:20:19,1.134000,1.136000,1.136000,1.134000,47.1,50.058789,1.000000,1.134000,-40.000000,0.323663,-54.609929,1.0,13.0
21.02.2022 19:19:54,1.132000,1.134000,1.134000,1.132000,44.7,50.058789,1.000000,1.134000,-60.000000,0.159560,-81.081081,0.0,19.0
22.02.2022 00:19:45,1.130000,1.132000,1.132000,1.130000,42.3,50.058789,1.000000,1.134000,-80.000000,0.003663,-110.491071,0.0,0.0
22.02.2022 11:21:55,1.134000,1.132000,1.134000,1.132000,48.2,57.180639,1.000000,1.134429,-50.000000,0.066127,-61.141805,1.0,11.0
22.02.2022 11:52:19,1.136000,1.134000,1.136000,1.134000,50.9,57.191421,1.000000,1.134714,-25.000000,0.105748,-23.668639,1.0,11.0
23.02.2022 04:09:24,1.132000,1.134000,1.134000,1.132000,45.8,50.058759,1.000000,1.134571,-75.000000,0.229505,-66.874028,0.0,4.0
24.02.2022 01:08:04,1.130000,1.132000,1.132000,1.130000,43.4,42.923716,1.000000,1.134143,-100.000000,0.318492,-98.425197,0.0,1.0
24.02.2022 01:59:48,1.128000,1.130000,1.130000,1.128000,41.1,35.780896,1.000000,1.133429,-100.000000,0.350952,-125.734430,0.0,1.0
24.02.2022 04:25:24,1.126000,1.128000,1.128000,1.126000,38.9,35.798941,1.000000,1.132857,-100.000000,0.519894,-154.338265,0.0,4.0
24.02.2022 04:45:53,1.124000,1.126000,1.126000,1.124000,36.7,28.651945,1.000000,1.131857,-100.000000,0.545496,-180.161943,0.0,4.0
24.02.2022 05:13:14,1.122000,1.124000,1.124000,1.122000,34.7,28.673654,1.000000,1.131000,-100.000000,0.658557,-200.241255,0.0,5.0
24.02.2022 09:11:50,1.126000,1.124000,1.126000,1.124000,41.7,35.795502,1.000000,1.130571,-75.000000,0.769574,-142.332790,1.0,9.0
24.02.2022 10:50:36,1.122000,1.124000,1.124000,1.122000,37.4,28.646689,1.000000,1.129571,-100.000000,0.794750,-179.918033,1.0,10.0
24.02.2022 11:03:06,1.120000,1.122000,1.122000,1.120000,35.4,21.479200,1.000000,1.128286,-100.000000,0.794382,-195.763044,1.0,11.0
24.02.2022 11:30:54,1.118000,1.120000,1.120000,1.118000,33.5,21.500971,1.000000,1.127143,-100.000000,0.822242,-207.113746,1.0,11.0
24.02.2022 12:18:26,1.116000,1.118000,1.118000,1.116000,31.7,21.522787,1.000000,1.126000,-100.000000,0.872006,-211.190720,1.0,12.0
24.02.2022 16:11:22,1.114000,1.116000,1.116000,1.114000,29.9,21.544647,1.000000,1.124857,-100.000000,0.946925,-208.923077,1.0,16.0
24.02.2022 16:58:13,1.112000,1.114000,1.114000,1.112000,28.2,14.369253,1.000000,1.123286,-100.000000,0.951742,-205.334815,1.0,16.0
24.02.2022 18:28:45,1.116000,1.114000,1.116000,1.114000,36.0,14.260257,1.000000,1.121857,-81.818182,0.921119,-150.315259,0.0,18.0
24.02.2022 19:49:12,1.118000,1.116000,1.118000,1.116000,39.5,21.392169,1.000000,1.120857,-70.000000,0.822242,-114.145658,0.0,19.0
24.02.2022 19:53:48,1.120000,1.118000,1.120000,1.118000,42.9,28.543500,1.000000,1.120143,-55.555556,0.628423,-83.333333,0.0,19.0
24.02.2022 21:28:22,1.122000,1.120000,1.122000,1.120000,46.2,35.708819,1.000000,1.119714,-37.500000,0.340375,-57.851240,0.0,21.0
25.02.2022 09:19:22,1.118000,1.120000,1.120000,1.118000,41.1,35.727048,1.000000,1.119143,-57.142857,0.222321,-77.522646,1.0,9.0
25.02.2022 13:50:53,1.122000,1.120000,1.122000,1.120000,47.3,42.891792,1.000000,1.119000,-28.571429,0.048907,-47.098402,1.0,13.0
25.02.2022 14:57:57,1.124000,1.122000,1.124000,1.122000,50.2,50.059569,1.000000,1.119143,-14.285714,0.002223,-25.324675,1.0,14.0
25.02.2022 17:16:30,1.126000,1.124000,1.126000,1.124000,52.9,50.059569,1.000000,1.119143,-0.000000,0.249800,-2.016129,0.0,17.0
27.02.2022 23:05:00,1.114000,1.116000,1.116000,1.114000,37.7,50.059569,1.000000,1.119143,-85.714286,0.015029,-105.490083,0.0,23.0
28.02.2022 00:35:20,1.118000,1.116000,1.118000,1.116000,44.5,57.173848,1.000000,1.119571,-66.666667,0.037026,-66.370370,0.0,0.0
28.02.2022 08:34:48,1.120000,1.118000,1.120000,1.118000,47.5,57.184776,1.000000,1.119857,-50.000000,0.116169,-36.144578,1.0,8.0
28.02.2022 11:58:27,1.122000,1.120000,1.122000,1.120000,50.5,57.195697,1.000000,1.120143,-33.333333,0.116169,-2.938296,1.0,11.0
28.02.2022 14:27:41,1.118000,1.120000,1.120000,1.118000,45.0,50.059524,1.000000,1.120000,-66.666667,0.176988,-37.477477,1.0,14.0
28.02.2022 15:36:34,1.122000,1.120000,1.122000,1.120000,50.8,50.059524,1.000000,1.120000,-33.333333,0.068390,13.237064,1.0,15.0
28.02.2022 17:28:25,1.124000,1.122000,1.124000,1.122000,53.4,57.206614,1.000000,1.120429,-16.666667,0.037026,59.582036,0.0,17.0
28.02.2022 18:37:05,1.120000,1.122000,1.122000,1.120000,47.9,50.059509,1.000000,1.120286,-50.000000,0.020800,12.404580,0.0,18.0
01.03.2022 11:12:22,1.118000,1.120000,1.120000,1.118000,45.4,42.909988,1.000000,1.119857,-66.666667,0.005640,-26.970954,1.0,11.0
01.03.2022 13:48:17,1.116000,1.118000,1.118000,1.116000,43.0,35.752574,1.000000,1.119143,-80.000000,0.002766,-72.222222,1.0,13.0
01.03.2022 16:03:21,1.114000,1.116000,1.116000,1.114000,40.6,35.770835,1.000000,1.118571,-100.000000,0.000609,-119.402985,1.0,16.0
01.03.2022 17:18:55,1.112000,1.114000,1.114000,1.112000,38.4,35.789115,1.000000,1.118000,-100.000000,0.037478,-157.627119,0.0,17.0
01.03.2022 17:58:47,1.110000,1.112000,1.112000,1.110000,36.2,35.807414,1.000000,1.117429,-100.000000,0.160998,-195.979899,0.0,17.0
02.03.2022 09:14:07,1.108000,1.110000,1.110000,1.108000,34.2,35.825731,1.000000,1.116857,-100.000000,0.383119,-219.626168,1.0,9.0
02.03.2022 10:20:59,1.106000,1.108000,1.108000,1.106000,32.2,35.844067,1.000000,1.116286,-100.000000,0.699846,-234.042553,1.0,10.0
02.03.2022 11:42:29,1.110000,1.108000,1.110000,1.108000,39.7,35.811214,1.000000,1.115714,-77.777778,0.799837,-154.827733,1.0,11.0
02.03.2022 16:48:50,1.106000,1.108000,1.108000,1.106000,35.5,28.669656,1.000000,1.114714,-100.000000,0.862618,-185.534591,1.0,16.0
02.03.2022 17:31:16,1.110000,1.108000,1.110000,1.108000,42.1,28.614780,1.000000,1.113857,-77.777778,0.801528,-126.688572,0.0,17.0
02.03.2022 17:32:21,1.112000,1.110000,1.112000,1.110000,45.2,35.756435,1.000000,1.113429,-66.666667,0.725056,-88.629944,0.0,17.0
02.03.2022 17:33:43,1.114000,1.112000,1.114000,1.112000,48.1,35.723453,1.000000,1.112857,-55.555556,0.491521,-52.721088,0.0,17.0
02.03.2022 18:01:00,1.110000,1.112000,1.112000,1.110000,43.1,28.537786,1.000000,1.111857,-75.000000,0.351800,-85.986216,0.0,18.0
02.03.2022 18:32:46,1.108000,1.110000,1.110000,1.108000,40.8,28.559798,1.000000,1.111000,-85.714286,0.259526,-105.014191,0.0,18.0
02.03.2022 19:33:45,1.112000,1.110000,1.112000,1.110000,46.9,35.719798,1.000000,1.110571,-50.000000,0.060929,-62.326442,0.0,19.0
03.03.2022 10:20:29,1.108000,1.110000,1.110000,1.108000,42.2,35.738183,1.000000,1.110000,-80.000000,0.012787,-91.901729,1.0,10.0
03.03.2022 16:32:15,1.106000,1.108000,1.108000,1.106000,40.1,35.756587,1.000000,1.109429,-100.000000,0.007587,-111.010558,1.0,16.0
03.03.2022 17:14:57,1.104000,1.106000,1.106000,1.104000,38.0,35.775011,1.000000,1.108857,-100.000000,0.033881,-128.498345,0.0,17.0
04.03.2022 01:37:42,1.102000,1.104000,1.104000,1.102000,36.0,35.793453,1.000000,1.108286,-100.000000,0.126031,-148.249619,0.0,1.0
04.03.2022 11:58:20,1.100000,1.102000,1.102000,1.100000,34.1,35.811914,1.000000,1.107714,-100.000000,0.305992,-165.007541,1.0,11.0
04.03.2022 12:36:27,1.098000,1.100000,1.100000,1.098000,32.2,35.830395,1.000000,1.107143,-100.000000,0.574918,-178.267254,1.0,12.0
04.03.2022 13:38:32,1.096000,1.098000,1.098000,1.096000,30.4,28.698085,1.000000,1.106143,-100.000000,0.677690,-188.844847,1.0,13.0
04.03.2022 13:55:52,1.094000,1.096000,1.096000,1.094000,28.7,28.720334,1.000000,1.105286,-100.000000,0.882071,-194.645248,1.0,13.0
04.03.2022 14:36:53,1.092000,1.094000,1.094000,1.092000,27.1,21.576406,1.000000,1.104000,-100.000000,0.945876,-193.308550,1.0,14.0
04.03.2022 14:49:06,1.090000,1.092000,1.092000,1.090000,25.5,14.407841,1.000000,1.102429,-100.000000,0.965686,-192.953803,1.0,14.0
04.03.2022 22:49:47,1.094000,1.092000,1.094000,1.092000,33.8,14.296831,1.000000,1.101000,-81.818182,0.932452,-145.038168,0.0,22.0
07.03.2022 00:03:40,1.090000,1.092000,1.092000,1.090000,30.2,14.315398,1.000000,1.099571,-100.000000,0.936372,-156.552887,0.0,0.0
07.03.2022 00:09:39,1.088000,1.090000,1.090000,1.088000,28.5,14.334012,1.000000,1.098143,-100.000000,0.948558,-155.710030,0.0,0.0
07.03.2022 02:03:08,1.086000,1.088000,1.088000,1.086000,26.9,7.119910,1.000000,1.096286,-100.000000,0.955709,-154.411765,0.0,2.0
07.03.2022 02:19:46,1.084000,1.086000,1.086000,1.084000,25.4,7.131055,1.000000,1.094571,-100.000000,0.956740,-155.313351,0.0,2.0
07.03.2022 04:27:48,1.088000,1.086000,1.088000,1.086000,33.5,14.240933,1.000000,1.093286,-81.818182,0.911010,-120.850167,0.0,4.0
07.03.2022 11:11:33,1.084000,1.086000,1.086000,1.084000,30.0,14.259558,1.000000,1.091857,-100.000000,0.906521,-130.584192,1.0,11.0
07.03.2022 11:27:43,1.082000,1.084000,1.084000,1.082000,28.4,14.278231,1.000000,1.090429,-100.000000,0.907491,-134.473508,1.0,11.0
07.03.2022 12:56:24,1.086000,1.084000,1.086000,1.084000,35.8,21.406100,1.000000,1.089429,-77.777778,0.837346,-104.601828,1.0,12.0
07.03.2022 13:21:15,1.088000,1.086000,1.088000,1.086000,39.1,28.553938,1.000000,1.088714,-62.500000,0.671641,-83.373728,1.0,13.0
07.03.2022 13:33:48,1.090000,1.088000,1.090000,1.088000,42.4,35.716161,1.000000,1.088286,-42.857143,0.386526,-64.001290,1.0,13.0
07.03.2022 13:38:05,1.092000,1.090000,1.092000,1.090000,45.5,42.887148,1.000000,1.088143,-16.666667,0.091715,-46.066504,1.0,13.0
07.03.2022 16:12:31,1.088000,1.090000,1.090000,1.088000,40.8,42.898411,1.000000,1.087857,-50.000000,0.026459,-61.419397,1.0,16.0
07.03.2022 16:28:00,1.086000,1.088000,1.088000,1.086000,38.6,42.909680,1.000000,1.087571,-66.666667,0.019990,-72.920175,1.0,16.0
07.03.2022 19:27:04,1.090000,1.088000,1.090000,1.088000,44.9,42.894679,1.000000,1.087286,-20.000000,0.066289,-48.285276,0.0,19.0
07.03.2022 20:33:04,1.086000,1.088000,1.088000,1.086000,40.4,42.905953,1.000000,1.087000,-60.000000,0.121627,-65.556153,0.0,20.0
08.03.2022 09:12:37,1.090000,1.088000,1.090000,1.088000,46.2,50.061323,1.000000,1.087143,-20.000000,0.262921,-39.772727,1.0,9.0
08.03.2022 09:27:07,1.092000,1.090000,1.092000,1.090000,48.9,57.214170,1.000000,1.087571,-0.000000,0.369267,-18.824990,1.0,9.0
08.03.2022 10:10:37,1.088000,1.090000,1.090000,1.088000,44.2,57.199142,1.000000,1.087857,-40.000000,0.241951,-41.428244,1.0,10.0
08.03.2022 13:18:45,1.092000,1.090000,1.092000,1.090000,49.4,57.210381,1.000000,1.088143,-0.000000,0.391721,-7.790902,1.0,13.0
08.03.2022 16:19:12,1.088000,1.090000,1.090000,1.088000,44.9,57.195362,1.000000,1.088429,-40.000000,0.222181,-35.483871,1.0,16.0
08.03.2022 18:17:02,1.092000,1.090000,1.092000,1.090000,49.9,64.321322,1.000000,1.089143,-0.000000,0.145271,7.311399,0.0,18.0
08.03.2022 18:33:47,1.094000,1.092000,1.094000,1.092000,52.2,64.340035,1.000000,1.089714,-0.000000,0.174805,49.030787,0.0,18.0
08.03.2022 21:42:07,1.090000,1.092000,1.092000,1.090000,47.4,57.199039,1.000000,1.089857,-50.000000,0.117562,11.450382,0.0,21.0
09.03.2022 09:24:06,1.094000,1.092000,1.094000,1.092000,52.1,57.210257,1.000000,1.090143,-0.000000,0.255404,76.071257,1.0,9.0
09.03.2022 10:27:01,1.096000,1.094000,1.096000,1.094000,54.3,57.221470,1.000000,1.090429,-0.000000,0.565611,132.669114,1.0,10.0
09.03.2022 11:04:56,1.098000,1.096000,1.098000,1.096000,56.5,64.373636,1.000000,1.091143,-0.000000,0.645517,186.579378,1.0,11.0
09.03.2022 14:18:56,1.100000,1.098000,1.100000,1.098000,58.6,71.512059,1.000000,1.092143,-0.000000,0.660805,229.110512,1.0,14.0
09.03.2022 15:08:14,1.102000,1.100000,1.102000,1.100000,60.6,71.534405,1.000000,1.093000,-0.000000,0.764297,254.434871,1.0,15.0
09.03.2022 15:08:32,1.104000,1.102000,1.104000,1.102000,62.6,78.660979,1.000000,1.094286,-0.000000,0.768758,262.002743,1.0,15.0
09.03.2022 17:05:55,1.106000,1.104000,1.106000,1.104000,64.5,78.683249,1.000000,1.095429,-0.000000,0.825722,255.952381,0.0,17.0
09.03.2022 17:26:33,1.108000,1.106000,1.108000,1.106000,66.4,78.705474,1.000000,1.096571,-0.000000,0.912498,244.406196,0.0,17.0
10.03.2022 09:11:54,1.104000,1.106000,1.106000,1.104000,59.6,78.623503,1.000000,1.097714,-20.000000,0.886668,167.257683,1.0,9.0
10.03.2022 10:00:28,1.108000,1.106000,1.108000,1.106000,63.6,78.645743,1.000000,1.098857,-0.000000,0.925646,174.899866,1.0,10.0
10.03.2022 10:03:15,1.104000,1.106000,1.106000,1.104000,57.5,78.564005,1.000000,1.100000,-22.222222,0.849357,124.231242,1.0,10.0
10.03.2022 13:45:56,1.108000,1.106000,1.108000,1.106000,61.5,78.586261,1.000000,1.101143,-0.000000,0.837396,139.344262,1.0,13.0
10.03.2022 13:47:08,1.110000,1.108000,1.110000,1.108000,63.3,78.608470,1.000000,1.102286,-0.000000,0.843343,142.011834,1.0,13.0
10.03.2022 13:54:06,1.112000,1.110000,1.112000,1.110000,65.2,85.697639,1.000000,1.103857,-0.000000,0.855685,144.490644,1.0,13.0
10.03.2022 14:09:56,1.108000,1.110000,1.110000,1.108000,58.9,78.541864,1.000000,1.104857,-22.222222,0.780057,108.761329,1.0,14.0
10.03.2022 14:44:27,1.106000,1.108000,1.108000,1.106000,56.0,71.405799,1.000000,1.105571,-37.500000,0.603772,83.564907,1.0,14.0
10.03.2022 15:10:51,1.104000,1.106000,1.106000,1.104000,53.2,64.283869,1.000000,1.106000,-57.142857,0.297867,60.761491,1.0,15.0
10.03.2022 15:30:45,1.102000,1.104000,1.104000,1.102000,50.5,57.170534,1.000000,1.106143,-83.333333,0.023742,39.809863,1.0,15.0
10.03.2022 16:30:18,1.100000,1.102000,1.102000,1.100000,47.8,50.060277,1.000000,1.106000,-100.000000,0.068390,18.618619,1.0,16.0
10.03.2022 16:35:07,1.098000,1.100000,1.100000,1.098000,45.3,42.947586,1.000000,1.105571,-100.000000,0.290172,-3.125000,1.0,16.0
11.03.2022 12:25:14,1.102000,1.100000,1.102000,1.100000,50.9,42.932839,1.000000,1.105286,-71.428571,0.379552,19.269103,1.0,12.0
11.03.2022 12:26:47,1.104000,1.102000,1.104000,1.102000,53.5,42.918085,1.000000,1.105000,-57.142857,0.325031,35.291386,1.0,12.0
11.03.2022 13:50:20,1.100000,1.102000,1.102000,1.100000,48.1,42.929184,1.000000,1.104714,-85.714286,0.515892,3.703704,1.0,13.0
11.03.2022 13:55:36,1.098000,1.100000,1.100000,1.098000,45.6,35.790064,1.000000,1.104000,-100.000000,0.574264,-22.769394,1.0,13.0
11.03.2022 16:09:41,1.096000,1.098000,1.098000,1.096000,43.1,35.808595,1.000000,1.103429,-100.000000,0.769574,-52.338530,1.0,16.0
11.03.2022 17:29:40,1.094000,1.096000,1.096000,1.094000,40.8,28.665198,1.000000,1.102429,-100.000000,0.815822,-83.064279,0.0,17.0
11.03.2022 18:29:52,1.092000,1.094000,1.094000,1.092000,38.6,21.502680,1.000000,1.101143,-100.000000,0.822242,-113.950692,0.0,18.0
14.03.2022 10:12:54,1.096000,1.094000,1.096000,1.094000,45.1,21.421153,1.000000,1.100000,-77.777778,0.773689,-82.043344,1.0,10.0
14.03.2022 10:53:36,1.098000,1.096000,1.098000,1.096000,48.0,28.565242,1.000000,1.099286,-62.500000,0.632421,-57.716837,1.0,10.0
14.03.2022 12:53:25,1.094000,1.096000,1.096000,1.094000,43.0,28.587527,1.000000,1.098429,-85.714286,0.599289,-100.589777,1.0,12.0
14.03.2022 16:39:44,1.098000,1.096000,1.098000,1.096000,48.8,35.738444,1.000000,1.098000,-50.000000,0.416426,-65.026954,1.0,16.0
14.03.2022 21:49:12,1.094000,1.096000,1.096000,1.094000,44.0,35.757050,1.000000,1.097429,-83.333333,0.401193,-108.446298,0.0,21.0
15.03.2022 04:23:39,1.098000,1.096000,1.098000,1.096000,49.3,42.907355,1.000000,1.097286,-50.000000,0.269902,-66.390041,0.0,4.0
15.03.2022 08:22:35,1.100000,1.098000,1.100000,1.098000,51.8,50.060748,1.000000,1.097429,-33.333333,0.146094,-35.269710,1.0,8.0
15.03.2022 17:11:20,1.096000,1.098000,1.098000,1.096000,46.9,42.905508,1.000000,1.097000,-66.666667,0.070644,-74.523397,0.0,17.0
15.03.2022 17:52:35,1.094000,1.096000,1.096000,1.094000,44.6,35.742204,1.000000,1.096286,-80.000000,0.008027,-97.822446,0.0,17.0
16.03.2022 07:47:39,1.098000,1.096000,1.098000,1.096000,49.9,42.899961,1.000000,1.096143,-25.000000,0.047322,-52.117264,0.0,7.0
16.03.2022 09:33:07,1.100000,1.098000,1.100000,1.098000,52.3,50.060811,1.000000,1.096286,-0.000000,0.242809,-19.141914,1.0,9.0
16.03.2022 12:44:53,1.102000,1.100000,1.102000,1.100000,54.7,57.219158,1.000000,1.096714,-0.000000,0.411912,12.745436,1.0,12.0
16.03.2022 19:00:00,1.098000,1.100000,1.100000,1.098000,49.4,57.204254,1.000000,1.097000,-40.000000,0.341349,-24.866785,0.0,19.0
16.03.2022 19:00:02,1.096000,1.098000,1.098000,1.096000,46.9,57.189358,1.000000,1.097286,-75.000000,0.115814,-55.513878,0.0,19.0
16.03.2022 19:03:12,1.100000,1.098000,1.100000,1.098000,52.1,57.200503,1.000000,1.097571,-25.000000,0.151633,-6.158584,0.0,19.0
16.03.2022 19:05:35,1.096000,1.098000,1.098000,1.096000,47.2,50.060748,1.000000,1.097429,-75.000000,0.111486,-49.429658,0.0,19.0
16.03.2022 19:53:12,1.100000,1.098000,1.100000,1.098000,52.0,57.198629,1.000000,1.097857,-25.000000,0.079478,9.708738,0.0,19.0
16.03.2022 20:24:56,1.102000,1.100000,1.102000,1.100000,54.3,57.209766,1.000000,1.098143,-0.000000,0.202492,64.997336,0.0,20.0
16.03.2022 20:50:53,1.104000,1.102000,1.104000,1.102000,56.5,64.350728,1.000000,1.098857,-0.000000,0.224028,126.383227,0.0,20.0
17.03.2022 09:19:35,1.106000,1.104000,1.106000,1.104000,58.7,64.369260,1.000000,1.099429,-0.000000,0.374001,186.471664,1.0,9.0
17.03.2022 15:25:54,1.108000,1.106000,1.108000,1.106000,60.7,64.387773,1.000000,1.100000,-0.000000,0.602035,235.472155,1.0,15.0
17.03.2022 16:55:23,1.110000,1.108000,1.110000,1.108000,62.8,71.533636,1.000000,1.101000,-0.000000,0.658557,261.357263,1.0,16.0
17.03.2022 17:56:22,1.112000,1.110000,1.112000,1.110000,64.7,78.660328,1.000000,1.102286,-0.000000,0.670465,264.792899,0.0,17.0
18.03.2022 04:24:03,1.108000,1.110000,1.110000,1.108000,58.1,71.494580,1.000000,1.103000,-25.000000,0.685830,173.875803,0.0,4.0
18.03.2022 09:48:30,1.106000,1.108000,1.108000,1.106000,55.1,64.343059,1.000000,1.103429,-37.500000,0.673193,123.168317,1.0,9.0
18.03.2022 11:37:49,1.104000,1.106000,1.106000,1.104000,52.2,57.200190,1.000000,1.103571,-50.000000,0.636240,81.749049,1.0,11.0
18.03.2022 13:17:00,1.102000,1.104000,1.104000,1.102000,49.4,57.185383,1.000000,1.103857,-62.500000,0.407985,43.272727,1.0,13.0
18.03.2022 17:11:14,1.106000,1.104000,1.106000,1.104000,54.6,64.302346,1.000000,1.104571,-37.500000,0.277645,79.830449,0.0,17.0
21.03.2022 18:19:59,1.102000,1.104000,1.104000,1.102000,49.1,57.179808,1.000000,1.104714,-62.500000,0.102353,32.436163,0.0,18.0
22.03.2022 01:40:19,1.100000,1.102000,1.102000,1.100000,46.6,57.165022,1.000000,1.105000,-85.714286,0.013364,-2.820874,0.0,1.0
22.03.2022 07:02:08,1.098000,1.100000,1.100000,1.098000,44.1,50.060340,1.000000,1.104857,-100.000000,0.249800,-38.634659,0.0,7.0
22.03.2022 13:16:46,1.102000,1.100000,1.102000,1.100000,49.8,50.060340,1.000000,1.104857,-71.428571,0.473900,4.225893,1.0,13.0
22.03.2022 14:59:49,1.104000,1.102000,1.104000,1.102000,52.4,50.060340,1.000000,1.104857,-57.142857,0.555002,34.604797,1.0,14.0
23.03.2022 10:42:02,1.100000,1.102000,1.102000,1.100000,47.2,42.927355,1.000000,1.104429,-85.714286,0.662307,-15.095879,1.0,10.0
23.03.2022 12:29:52,1.098000,1.100000,1.100000,1.098000,44.7,35.786386,1.000000,1.103714,-100.000000,0.706956,-55.555556,1.0,12.0
25.03.2022 02:28:45,1.102000,1.100000,1.102000,1.100000,50.2,35.753129,1.000000,1.103143,-71.428571,0.569142,-8.182601,0.0,2.0
28.03.2022 00:07:47,1.098000,1.100000,1.100000,1.098000,45.4,28.581919,1.000000,1.102143,-100.000000,0.538261,-61.911171,0.0,0.0
28.03.2022 03:25:09,1.096000,1.098000,1.098000,1.096000,43.1,28.604159,1.000000,1.101286,-100.000000,0.532617,-101.604278,0.0,3.0
29.03.2022 08:44:57,1.100000,1.098000,1.100000,1.098000,48.6,35.749503,1.000000,1.100857,-60.000000,0.398271,-50.772627,1.0,8.0
29.03.2022 11:16:02,1.102000,1.100000,1.102000,1.100000,51.1,42.903491,1.000000,1.100714,-40.000000,0.200000,-14.233242,1.0,11.0
29.03.2022 11:45:53,1.104000,1.102000,1.104000,1.102000,53.6,50.060559,1.000000,1.100857,-20.000000,0.049957,25.166192,1.0,11.0
29.03.2022 13:42:10,1.106000,1.104000,1.106000,1.104000,56.0,50.060559,1.000000,1.100857,-0.000000,0.062403,65.833734,1.0,13.0
29.03.2022 13:46:46,1.108000,1.106000,1.108000,1.106000,58.3,57.228108,1.000000,1.101286,-0.000000,0.255396,99.953293,1.0,13.0
29.03.2022 13:49:56,1.110000,1.108000,1.110000,1.108000,60.6,64.387588,1.000000,1.102000,-0.000000,0.398860,130.136986,1.0,13.0
29.03.2022 14:39:57,1.112000,1.110000,1.112000,1.110000,62.7,71.533446,1.000000,1.103000,-0.000000,0.470683,161.028417,1.0,14.0
29.03.2022 18:57:56,1.108000,1.110000,1.110000,1.108000,56.1,64.368957,1.000000,1.103429,-25.000000,0.571919,92.875318,0.0,18.0
30.03.2022 05:19:14,1.112000,1.110000,1.112000,1.110000,60.6,64.387403,1.000000,1.104000,-0.000000,0.790274,137.003841,0.0,5.0
30.03.2022 10:37:09,1.114000,1.112000,1.114000,1.112000,62.6,71.533256,1.000000,1.105000,-0.000000,0.857685,162.935323,1.0,10.0
30.03.2022 11:19:21,1.116000,1.114000,1.116000,1.114000,64.6,78.660007,1.000000,1.106286,-0.000000,0.875786,182.352941,1.0,11.0
30.03.2022 12:35:08,1.112000,1.114000,1.114000,1.112000,58.0,71.494342,1.000000,1.107000,-20.000000,0.891038,121.675774,1.0,12.0
30.03.2022 15:58:00,1.116000,1.114000,1.116000,1.114000,62.2,78.608270,1.000000,1.108286,-0.000000,0.882137,151.059467,1.0,15.0
31.03.2022 03:25:38,1.118000,1.116000,1.118000,1.116000,64.1,85.697729,1.000000,1.109857,-0.000000,0.895199,166.134185,0.0,3.0
31.03.2022 10:06:37,1.114000,1.116000,1.116000,1.114000,57.8,78.542024,1.000000,1.110857,-22.222222,0.819455,118.975904,1.0,10.0
31.03.2022 10:43:22,1.112000,1.114000,1.114000,1.112000,54.9,71.405922,1.000000,1.111571,-37.500000,0.642775,87.760493,1.0,10.0
31.03.2022 12:30:56,1.110000,1.112000,1.112000,1.110000,52.0,64.283879,1.000000,1.112000,-57.142857,0.337305,57.851240,1.0,12.0
31.03.2022 15:12:44,1.108000,1.110000,1.110000,1.108000,49.3,57.170385,1.000000,1.112143,-83.333333,0.045687,29.631681,1.0,15.0
31.03.2022 16:57:44,1.112000,1.110000,1.112000,1.110000,54.5,57.181386,1.000000,1.112429,-60.000000,0.000969,58.775062,1.0,16.0
31.03.2022 18:33:41,1.108000,1.110000,1.110000,1.108000,49.1,50.059937,1.000000,1.112286,-100.000000,0.061123,24.316940,0.0,18.0
01.04.2022 02:35:20,1.106000,1.108000,1.108000,1.106000,46.6,42.936063,1.000000,1.111857,-100.000000,0.193986,-1.908397,0.0,2.0
01.04.2022 14:31:37,1.104000,1.106000,1.106000,1.104000,44.2,42.947098,1.000000,1.111571,-100.000000,0.571414,-28.835386,1.0,14.0
04.04.2022 10:06:02,1.102000,1.104000,1.104000,1.102000,41.9,35.826333,1.000000,1.110857,-100.000000,0.750913,-57.249712,1.0,10.0
04.04.2022 13:40:30,1.100000,1.102000,1.102000,1.100000,39.6,28.692146,1.000000,1.109857,-100.000000,0.832617,-85.031001,1.0,13.0
04.04.2022 16:31:18,1.098000,1.100000,1.100000,1.098000,37.5,21.538990,1.000000,1.108571,-100.000000,0.857664,-108.829569,1.0,16.0
05.04.2022 12:42:14,1.096000,1.098000,1.098000,1.096000,35.4,21.561210,1.000000,1.107429,-100.000000,0.946139,-129.261364,1.0,12.0
05.04.2022 16:21:11,1.094000,1.096000,1.096000,1.094000,33.4,14.389016,1.000000,1.105857,-100.000000,0.955604,-149.018524,1.0,16.0
05.04.2022 17:59:29,1.092000,1.094000,1.094000,1.092000,31.5,7.186584,1.000000,1.104000,-100.000000,0.955912,-165.014733,0.0,17.0
05.04.2022 21:21:24,1.090000,1.092000,1.092000,1.090000,29.6,7.197755,1.000000,1.102286,-100.000000,0.958885,-175.607287,0.0,21.0
06.04.2022 08:00:46,1.088000,1.090000,1.090000,1.088000,27.9,7.208960,1.000000,1.100571,-100.000000,0.966038,-185.755534,1.0,8.0
06.04.2022 10:44:56,1.092000,1.090000,1.092000,1.090000,36.0,14.306127,1.000000,1.099286,-83.333333,0.943862,-146.788991,1.0,10.0
06.04.2022 20:17:13,1.088000,1.090000,1.090000,1.088000,32.1,14.324734,1.000000,1.097857,-100.000000,0.952815,-161.543492,0.0,20.0
07.04.2022 07:58:33,1.092000,1.090000,1.092000,1.090000,39.2,14.213154,1.000000,1.096429,-81.818182,0.885175,-122.411693,0.0,7.0
07.04.2022 10:22:07,1.088000,1.090000,1.090000,1.088000,35.2,14.231689,1.000000,1.095000,-100.000000,0.863573,-131.872284,1.0,10.0
07.04.2022 13:41:56,1.092000,1.090000,1.092000,1.090000,41.6,21.368897,1.000000,1.094000,-77.777778,0.738901,-97.398031,1.0,13.0
07.04.2022 18:39:13,1.088000,1.090000,1.090000,1.088000,37.6,21.391236,1.000000,1.092857,-100.000000,0.698006,-108.176312,0.0,18.0
08.04.2022 02:03:22,1.086000,1.088000,1.088000,1.086000,35.8,21.413622,1.000000,1.091714,-100.000000,0.682367,-112.566715,0.0,2.0
08.04.2022 15:24:56,1.084000,1.086000,1.086000,1.084000,34.0,21.436054,1.000000,1.090571,-100.000000,0.680972,-117.924528,1.0,15.0
08.04.2022 16:56:42,1.088000,1.086000,1.088000,1.086000,40.4,28.576421,1.000000,1.089857,-71.428571,0.573384,-90.328467,1.0,16.0
10.04.2022 23:05:00,1.090000,1.088000,1.090000,1.088000,43.4,35.731142,1.000000,1.089429,-50.000000,0.342352,-70.588235,0.0,23.0
11.04.2022 11:30:46,1.092000,1.090000,1.092000,1.090000,46.3,42.894610,1.000000,1.089286,-20.000000,0.070914,-52.437902,1.0,11.0
11.04.2022 15:38:53,1.088000,1.090000,1.090000,1.088000,41.7,42.905863,1.000000,1.089000,-50.000000,0.035221,-67.877629,1.0,15.0
12.04.2022 08:59:54,1.086000,1.088000,1.088000,1.086000,39.6,42.917122,1.000000,1.088714,-75.000000,0.070914,-77.847268,1.0,8.0
12.04.2022 14:55:21,1.090000,1.088000,1.090000,1.088000,45.5,50.061226,1.000000,1.088857,-25.000000,0.059282,-53.648439,1.0,14.0
12.04.2022 17:30:57,1.086000,1.088000,1.088000,1.086000,41.2,42.915263,1.000000,1.088429,-75.000000,0.045398,-72.683109,0.0,17.0
12.04.2022 18:36:02,1.084000,1.086000,1.086000,1.084000,39.1,42.926530,1.000000,1.088143,-100.000000,0.164029,-88.175948,0.0,18.0
13.04.2022 02:25:06,1.082000,1.084000,1.084000,1.082000,37.2,35.783713,1.000000,1.087429,-100.000000,0.197411,-105.549510,0.0,2.0
13.04.2022 17:27:57,1.086000,1.084000,1.086000,1.084000,43.3,42.920955,1.000000,1.087286,-60.000000,0.223021,-77.192982,0.0,17.0
13.04.2022 18:06:22,1.088000,1.086000,1.088000,1.086000,46.1,42.905953,1.000000,1.087000,-40.000000,0.064017,-52.307692,0.0,18.0
14.04.2022 03:56:03,1.090000,1.088000,1.090000,1.088000,48.9,50.061323,1.000000,1.087143,-20.000000,0.004322,-24.926686,0.0,3.0
14.04.2022 08:37:58,1.092000,1.090000,1.092000,1.090000,51.5,57.214170,1.000000,1.087571,-0.000000,0.006118,9.361418,1.0,8.0
14.04.2022 13:48:29,1.088000,1.090000,1.090000,1.088000,46.3,57.199142,1.000000,1.087857,-40.000000,0.004938,-26.194145,1.0,13.0
14.04.2022 14:50:49,1.086000,1.088000,1.088000,1.086000,44.0,50.061291,1.000000,1.087714,-60.000000,0.019191,-60.035842,1.0,14.0
14.04.2022 15:01:22,1.084000,1.086000,1.086000,1.084000,41.7,42.920955,1.000000,1.087286,-80.000000,0.031634,-103.092784,1.0,15.0
14.04.2022 15:20:40,1.082000,1.084000,1.084000,1.082000,39.4,35.772500,1.000000,1.086571,-100.000000,0.029855,-151.480638,1.0,15.0
14.04.2022 15:42:26,1.080000,1.082000,1.082000,1.080000,37.3,35.791320,1.000000,1.086000,-100.000000,0.104106,-191.464821,1.0,15.0
14.04.2022 15:50:53,1.078000,1.080000,1.080000,1.078000,35.2,35.810159,1.000000,1.085429,-100.000000,0.260790,-226.909920,1.0,15.0
14.04.2022 15:52:57,1.076000,1.078000,1.078000,1.076000,33.2,28.666754,1.000000,1.084429,-100.000000,0.319964,-251.082251,1.0,15.0
14.04.2022 17:09:29,1.080000,1.078000,1.080000,1.078000,40.4,35.791462,1.000000,1.084000,-75.000000,0.382041,-163.663664,0.0,17.0
14.04.2022 18:08:17,1.082000,1.080000,1.082000,1.080000,43.7,42.924922,1.000000,1.083857,-62.500000,0.442497,-106.352941,0.0,18.0
18.04.2022 18:09:56,1.078000,1.080000,1.080000,1.078000,39.1,42.936239,1.000000,1.083571,-87.500000,0.684959,-144.562334,0.0,18.0
